,interest_coverage,debt_to_equity,dscr,ebitda_margin_pct,ebit_margin_pct,current_ratio,quick_ratio,cash_usd_m,operating_cf_usd_m,fcf_usd_m,revenue_usd_m,years_in_operation,interest_expense_usd_m,net_debt_usd_m,equity_usd_m,dso_days,fx_revenue_pct,collateral_coverage_pct
interest_coverage,1.0,-0.6473260669249403,0.7008148948159709,0.1801292405165768,0.2440781136678129,-0.18850395688344285,-0.11597261861453209,0.352901433381973,0.10220283775380604,0.04068143367503224,0.18433795405693218,0.058855304682718594,-0.49150269866750684,-0.49788477679819243,0.17978693602268278,-0.026723542274007497,0.1055873271827961,-0.2891271647451308
debt_to_equity,-0.6473260669249403,1.0,-0.5581593982681688,0.08394801096556705,0.033579658640263375,-0.07626858771029398,-0.12089293719190985,-0.18240386926081323,0.20523733295199256,0.13949431761479142,-0.012764378065828787,0.08209199101302961,0.6946404697834682,0.7131601806104299,-0.18224455752482538,0.11592873844988844,0.046108274437668954,0.23455838084282016
dscr,0.7008148948159709,-0.5581593982681688,1.0,0.4022880489412026,0.38866715266110935,-0.10251256700503354,-0.01965785451079494,0.2784981115945952,0.2926766766922083,0.28772632758602196,0.21413886440611188,0.048775819093578636,-0.39990821444846386,-0.3839533898747087,0.19343875475445507,-0.24888791650475117,0.11937723654618894,-0.22655818353813745
ebitda_margin_pct,0.1801292405165768,0.08394801096556705,0.4022880489412026,1.0,0.9705553230253944,-0.08592130184622782,-0.03436829093809293,-0.04508717591255932,0.5538958721655154,0.6752704711903222,-0.039991527207496644,0.031966507571966236,0.15686680500117256,0.21679065828794697,-0.041472060089852686,-0.07373707663678102,-0.033042483562115324,-0.10869768214178417
ebit_margin_pct,0.2440781136678129,0.033579658640263375,0.38866715266110935,0.9705553230253944,1.0,-0.048573683647842064,0.0010640494643660986,0.01601969214245484,0.5060549226923267,0.6152030356881637,-0.012337139357229689,0.051999930427046856,0.12365366771578476,0.18434973358288637,0.0075336882842031265,-0.04566309677757918,0.015554339774000983,-0.034886823427898096
current_ratio,-0.18850395688344285,-0.07626858771029398,-0.10251256700503354,-0.08592130184622782,-0.048573683647842064,1.0,0.9532265553753182,-0.17803653742169953,-0.13862841794509898,-0.024341433554864855,-0.22207632382590076,-0.07680089794247182,-0.11938349104606524,-0.08386936580056385,-0.2212478141643107,-0.16402751742514896,0.04649239873165311,0.10382451754321646
quick_ratio,-0.11597261861453209,-0.12089293719190985,-0.01965785451079494,-0.03436829093809293,0.0010640494643660986,0.9532265553753182,1.0,-0.16152997287948936,-0.10094836572922057,0.023635909004936968,-0.20815772198935847,-0.011993855089733996,-0.09584221300864376,-0.06634395212502767,-0.18244691000559485,-0.2246451563839854,0.13508425066686605,0.029539042198447857
cash_usd_m,0.352901433381973,-0.18240386926081323,0.2784981115945952,-0.04508717591255932,0.01601969214245484,-0.17803653742169953,-0.16152997287948936,1.0,0.3626955496787815,0.026924076030176734,0.8837677077635052,0.03300055966244712,0.02887179444469894,0.020045293691237982,0.8313802052758341,0.19838021586027738,-0.034025760865434414,0.05934822987794406
operating_cf_usd_m,0.10220283775380604,0.20523733295199256,0.2926766766922083,0.5538958721655154,0.5060549226923267,-0.13862841794509898,-0.10094836572922057,0.3626955496787815,1.0,0.8693916710090286,0.5668791356629127,0.07692151133441241,0.5133873050220034,0.5968247382736888,0.3415093767716914,0.14147686716121793,0.08226037272333635,-0.023842881725114666
fcf_usd_m,0.04068143367503224,0.13949431761479142,0.28772632758602196,0.6752704711903222,0.6152030356881637,-0.024341433554864855,0.023635909004936968,0.026924076030176734,0.8693916710090286,1.0,0.19366529429553753,0.1045303947785237,0.41285846216319616,0.47892241080449865,0.02446676692281277,0.07151749128661393,0.10548536598764675,-0.1719236834909958
revenue_usd_m,0.18433795405693218,-0.012764378065828787,0.21413886440611188,-0.039991527207496644,-0.012337139357229689,-0.22207632382590076,-0.20815772198935847,0.8837677077635052,0.5668791356629127,0.19366529429553753,1.0,0.017277974884280633,0.29107470793054496,0.3137773212680618,0.8751050831741571,0.1740667393474409,0.09242367735795655,0.12436859006741756
years_in_operation,0.058855304682718594,0.08209199101302961,0.048775819093578636,0.031966507571966236,0.051999930427046856,-0.07680089794247182,-0.011993855089733996,0.03300055966244712,0.07692151133441241,0.1045303947785237,0.017277974884280633,1.0,0.12603883004621097,0.10303969884422931,0.01803521649807737,-0.039757753579883225,0.16955383791248793,-0.26568608109925906
interest_expense_usd_m,-0.49150269866750684,0.6946404697834682,-0.39990821444846386,0.15686680500117256,0.12365366771578476,-0.11938349104606524,-0.09584221300864376,0.02887179444469894,0.5133873050220034,0.41285846216319616,0.29107470793054496,0.12603883004621097,1.0,0.9386512970034566,0.14910011084147196,0.26925722233776866,0.012460506721319861,0.22958880987712715
net_debt_usd_m,-0.49788477679819243,0.7131601806104299,-0.3839533898747087,0.21679065828794697,0.18434973358288637,-0.08386936580056385,-0.06634395212502767,0.020045293691237982,0.5968247382736888,0.47892241080449865,0.3137773212680618,0.10303969884422931,0.9386512970034566,1.0,0.15857102840022677,0.24599235771566808,0.03530337937194096,0.18318063796438616
equity_usd_m,0.17978693602268278,-0.18224455752482538,0.19343875475445507,-0.041472060089852686,0.0075336882842031265,-0.2212478141643107,-0.18244691000559485,0.8313802052758341,0.3415093767716914,0.02446676692281277,0.8751050831741571,0.01803521649807737,0.14910011084147196,0.15857102840022677,1.0,0.06037628857301447,-0.0011254145739543473,0.0765213164111232
dso_days,-0.026723542274007497,0.11592873844988844,-0.24888791650475117,-0.07373707663678102,-0.04566309677757918,-0.16402751742514896,-0.2246451563839854,0.19838021586027738,0.14147686716121793,0.07151749128661393,0.1740667393474409,-0.039757753579883225,0.26925722233776866,0.24599235771566808,0.06037628857301447,1.0,-0.1471537983130058,0.23488231015742567
fx_revenue_pct,0.1055873271827961,0.046108274437668954,0.11937723654618894,-0.033042483562115324,0.015554339774000983,0.04649239873165311,0.13508425066686605,-0.034025760865434414,0.08226037272333635,0.10548536598764675,0.09242367735795655,0.16955383791248793,0.012460506721319861,0.03530337937194096,-0.0011254145739543473,-0.1471537983130058,1.0,0.04153811523309989
collateral_coverage_pct,-0.2891271647451308,0.23455838084282016,-0.22655818353813745,-0.10869768214178417,-0.034886823427898096,0.10382451754321646,0.029539042198447857,0.05934822987794406,-0.023842881725114666,-0.1719236834909958,0.12436859006741756,-0.26568608109925906,0.22958880987712715,0.18318063796438616,0.0765213164111232,0.23488231015742567,0.04153811523309989,1.0
