,correlation,mutual_information,random_forest_importance,combined_score
interest_coverage,0.47855824408227715,0.5053381391602996,0.14154886071064804,1.1254452439532248
debt_to_equity,0.05931498302984489,0.6542684068092324,0.16242139623433777,0.876004786073415
dscr,0.28445857861203966,0.4140868661276915,0.07433336254235534,0.7728788072820866
created_at,0.0,0.32109452513535053,0.07348768243789741,0.3945822075732479
cash_usd_m,0.2819410680004272,0.06603765078392243,0.041057721713467527,0.38903644049781716
dso_days,0.13526150361511852,0.20381457077995835,0.015744174336358715,0.3548202487314356
current_ratio,0.27815257317337055,0.04084398899509756,0.017143052813997996,0.3361396149824661
fcf_usd_m,0.19647561864326712,0.08740843983497126,0.021622878267947895,0.3055069367461863
operating_cf_usd_m,0.23522833119214664,0.03476494071037939,0.018054860675180362,0.2880481325777064
quick_ratio,0.22566894885815147,0.015173463473216575,0.01107640356422076,0.2519188158955888
interest_expense_usd_m,0.059955300924669976,0.12630400533701036,0.06179236871062171,0.24805167497230204
equity_usd_m,0.12536722292766583,0.06830682268112653,0.020843704220206784,0.21451774982899915
revenue_usd_m,0.19728158462202097,0.0,0.013590337128857625,0.2108719217508786
years_in_operation,0.18829218054377908,0.0,0.01901651167026835,0.20730869221404744
ebitda_margin_pct,0.11136773456032194,0.07909748376161274,0.0093395783923645,0.19980479671429918
fx_revenue_pct,0.18130218496388587,0.0,0.01691953580243137,0.19822172076631722
ebit_margin_pct,0.11963648066908605,0.05723316833847414,0.017645158064303276,0.19451480707186347
collateral_coverage_pct,0.13173992143700544,0.03969058034936701,0.010608488009498096,0.18203898979587055
net_debt_usd_m,0.023110766897659937,0.09895400444550417,0.04657061965182532,0.16863539099498942
legal_disputes_open,0.12521425720059798,0.029721543747865065,0.0010656543762171619,0.1560014553246802
capex_usd_m,0.14326844201329095,0.0,0.008610020656854138,0.1518784626701451
revenue_cagr_3y_pct,0.1376526515886509,0.0,0.010083916558992231,0.14773656814764313
updated_at,0.0,0.08333364696240841,0.047872381151224455,0.13120602811363286
total_assets_usd_m,0.10075922685190515,0.0,0.012989603595268136,0.1137488304471733
country_risk_0_100,0.10438084340919343,0.0,0.0093206629230643,0.11370150633225773
sanctions_exposure,0.0,0.11167366821449387,7.162129251165733e-18,0.11167366821449388
dio_days,0.06875307168878647,0.0,0.018059780159686574,0.08681285184847304
esg_controversies_3y,0.07219228756844343,0.0,0.01438981016574479,0.08658209773418822
industry_cyclicality,0.0,0.08000383755847085,0.0019434537822985716,0.08194729134076942
covenant_quality,0.0,0.07205561959644524,0.004051443726718313,0.07610706332316355
governance_score_0_100,0.04794754909612159,0.0,0.00962122050313953,0.05756876959926112
hedging_policy,0.0,0.01853752657835206,0.028561125847433887,0.047098652425785946
dpo_days,0.03109968839277388,0.0,0.012838533532154507,0.04393822192492838
payment_incidents_12m,0.020667439421520207,0.00012898824757523464,0.0015151415017095674,0.02231156917080501
country,0.0,0.009226445059550947,0.006730751951047864,0.015957197010598813
sector,0.0,0.0,0.015886119025067504,0.015886119025067504
ownership_type,0.0,0.0,0.0028075189502107106,0.0028075189502107106
financials_audited,0.0,0.0,0.0006208170237157333,0.0006208170237157333
auditor_tier,0.0,0.0,0.0002153496226631969,0.0002153496226631969
