feature,VIF
ebitda_margin_pct,50.22763249328566
ebit_margin_pct,44.42492606770313
revenue_usd_m,29.021816127845167
operating_cf_usd_m,27.36404330278043
net_debt_usd_m,19.805119084734763
quick_ratio,18.659161235329236
current_ratio,18.56070898682512
fcf_usd_m,15.640604254434203
cash_usd_m,13.037905710049323
interest_expense_usd_m,10.940378522649272
equity_usd_m,9.163234853351462
debt_to_equity,5.542011591727583
interest_coverage,5.428568648127652
dscr,4.336207441044122
collateral_coverage_pct,2.325678585400951
fx_revenue_pct,1.8200413696327582
dso_days,1.7619319431404545
years_in_operation,1.309782030023819
